{
  "data": [{
      "id": 11,
      "name": "Cricket Test Match",
      "region": "US",
      "createdOn": 1575949349000,
      "price": "Price info of Test Whatsapp",
      "csv": "Some CSV link for Whatsapp",
      "report": "Some report link for Whatsapp",
      "image_url":"" 
    },
    {
      "id": 21,
      "name": "Super Market",
      "region": "CA, FR",
      "createdOn": 1576726949000,
      "price": "Price info of Super Jewels Quest",
      "csv": "Some CSV link for Super Jewels Quest",
      "report": "Some report link for Super Jewels Ques",
      "image_url":"Some image url of the campaign"
    },
    {
      "id": 31,
      "name": "New york times",
      "region": "FR",
      "createdOn": 1577245349000,
      "price": "Price info of Mole Slayer",
      "csv": "Some CSV link for Mole Slayer",
      "report": "Some report link for Mole Slayer",
      "image_url":"Some image url of the campaign"
    }
  ]
}